{"graph": {"_type": "graph-file", "sha256": "448a56bbf1192b30b4a2063a0943ba5c9e586859b74a6718d2a8a841eae4c953", "size": 1995, "path": "media/graph/graph_summary_448a56bbf1192b30b4a2.graph.json"}, "epoch": 9, "_timestamp": 1666650850.3924959, "loss": 0.015289967879652977, "accuracy": 0.9958463907241821, "val_loss": 0.016524964943528175, "val_accuracy": 0.9956643581390381, "_runtime": 470.2161068916321, "_step": 9, "best_val_loss": 0.016524964943528175, "best_epoch": 9, "_wandb": {"runtime": 471}}